Index,Prediction
1,1
8,1
26,1
44,1
45,1
46,0
59,1
62,1
81,1
89,1
97,0
103,1
153,1
158,1
174,1
175,1
176,1
179,1
189,1
210,1
215,1
218,1
219,1
222,1
239,0
240,1
241,1
247,1
248,0
255,1
258,1
259,1
267,1
275,1
279,1
284,1
296,1
297,1
310,1
325,0
332,1
333,1
347,1
355,0
369,1
372,1
417,1
424,0
431,1
433,1
434,1
440,1
443,1
450,1
480,1
486,1
506,1
507,1
508,1
535,1
544,1
550,1
552,1
558,0
579,1
595,1
597,1
600,1
603,1
606,0
613,1
643,1
645,1
658,1
677,0
680,1
683,1
692,1
701,1
713,1
719,1
745,1
756,1
777,1
782,1
786,1
791,1
795,1
803,1
806,1
808,1
810,1
812,1
819,1
830,1
870,1
872,1
882,1
894,1
904,1
908,1
926,1
949,1
966,1
977,1
991,1
1000,1
1019,1
1030,1
1035,1
1038,1
1045,1
1053,1
1068,1
1074,1
1076,1
1085,0
1105,1
1109,0
1117,1
1129,0
1136,1
1162,0
1165,1
1172,1
1175,1
1188,1
1189,1
1207,1
1212,1
1221,1
1222,1
1223,1
1232,0
1234,0
1237,1
1252,1
1259,1
1264,1
1289,1
1290,1
1299,1
1310,1
1314,1
1316,1
1321,1
1323,1
1340,1
1341,1
1345,1
1351,0
1367,1
1371,1
1396,1
1420,1
1421,1
1427,1
1451,1
1460,0
1462,1
1475,0
1489,0
1491,0
1492,0
1502,0
1507,0
1511,0
1514,0
1534,0
1538,0
1540,0
1546,0
1554,0
1588,0
1599,0
1603,0
1610,1
1642,0
1653,0
1661,0
1671,0
1678,0
1689,0
1726,0
1753,0
1776,0
1785,0
1792,0
1806,0
1819,0
1823,0
1850,0
1875,0
1879,0
1887,0
1892,0
1897,0
1906,0
1925,0
1926,0
1928,1
1941,0
1946,0
1950,0
1957,0
1962,0
1967,0
1973,0
1989,1
1994,0
2003,0
2009,0
2012,0
2054,0
2064,0
2074,0
2079,0
2093,0
2097,0
2100,0
2104,0
2119,0
2122,0
2156,0
2163,0
2167,0
2169,0
2177,0
2184,0
2195,0
2196,0
2203,0
2214,0
2227,0
2233,0
2253,1
2284,0
2285,0
2289,0
2326,0
2329,0
2334,0
2336,0
2346,0
2347,1
2356,0
2368,0
2378,0
2390,0
2430,0
2448,0
2475,0
2478,0
2481,0
2502,1
2506,0
2534,0
2563,1
2567,0
2571,1
2578,0
2586,0
2588,0
2602,0
2603,0
2606,0
2619,0
2629,0
2637,0
2651,0
2654,0
2662,0
2671,0
2680,0
2683,0
2689,0
2747,0
2750,0
2753,0
2764,0
2766,0
2788,0
2818,0
2821,0
2824,0
2830,0
2833,0
2862,0
2873,0
2877,0
2878,0
2886,0
2888,0
2901,0
2914,0
2942,0
2948,0
2954,0
2958,0
2964,0
2987,0
2989,0
2997,0
3019,1
3021,0
3025,0
3027,0
3054,0
3062,0
3085,0
3091,0
3115,0
3131,0
3133,0
3139,0
3141,0
3144,0
3159,0
3164,0
3173,0
3186,0
3199,0
3207,0
3216,0
3222,0
3223,1
3226,0
3239,0
3242,0
3261,0
3266,0
3267,0
3280,0
3304,0
3310,0
3333,0
3339,0
3344,0
3370,0
3374,1
3390,0
3393,0
3397,0
3410,0
3421,0
3433,0
3448,0
3451,0
3461,0
3476,0
3490,0
3493,0
3503,0
3509,1
3510,0
3520,0
3529,0
3537,0
3544,1
3554,1
3564,0
3565,1
3576,0
3581,0
3637,0
3657,0
3668,0
3677,0
